OriginAirport,AverageDepartureDelay
(10800,13.341666221618652)
(15401,4.056180000305176)
(12402,3.541747570037842)
(11002,17.224720001220703)
(12003,8.520270347595215)
(11603,11.471014022827148)
(11203,25.952381134033203)
(11003,28.305343627929688)
(13204,22.311965942382812)
(12206,12.002967834472656)
